species_id,common_name,scientific_name,kingdom,phylum,class,order,family,ui_svg_path,ui_svg_type,jigsaw_layer,phylopic_uuid,phylopic_title,license,similar_to,flag,notes
acomys_cahirinus,Cairo spiny mouse,Acomys cahirinus,Animalia,Chordata,Mammalia,Rodentia,Deomyidae,assets/species_svg/acomys_cahirinus.svg,phylopic,29_spiny mouse,720396f4-3d8a-41e5-9505-555964202c0c,Acomys cahirinus dimidiatus,CC0,mus_musculus,ok,Exact genus+species in PhyloPic; subspecies dimidiatus is morphologically identical
adineta_vaga,Bdelloid Rotifer,Adineta vaga,Animalia,Rotifera,Bdelloidea,Philodinida,Adinetidae,assets/species_svg/adineta_vaga.svg,phylopic,,,,CC0,,pending,SVG to be sourced
aequorea_victoria,Crystal jellyfish,Aequorea victoria,Animalia,Cnidaria,Hydrozoa,Leptothecata,Aequoreidae,assets/species_svg/aequorea_victoria.svg,phylopic,8_jellyfish,e4d57d67-c144-457a-877b-34faaaa16ed2,Clytia hemisphaerica,CC BY-SA 3.0,turritopsis_dohrnii,ok,A. victoria (Leptothecata) and C. hemisphaerica (Leptothecata) are in the same order; order-level match. Medusa body plan interchangeable across Hydrozoa. Supersedes previous byte-identical Narcomedusae PNG (ae1697f9). PhyloPic vector.svg (UUID e4d57d67-c144-457a-877b-34faaaa16ed2); prior hand-drawn trace retained as ALL_ANIMALS layer '8_jellyfish'.
ambystoma_mexicanum,Axolotl,Ambystoma mexicanum,Animalia,Chordata,Amphibia,Caudata,Ambystomatidae,assets/species_svg/ambystoma_mexicanum.svg,phylopic,10_axolotl,575eaa51-6c9b-4d36-9881-b8463c68ebbc,Ambystoma mexicanum,CC0,,ok,Exact species. PhyloPic source.svg (UUID 575eaa51-6c9b-4d36-9881-b8463c68ebbc); prior hand-drawn trace retained as ALL_ANIMALS layer '10_axolotl'.
balaena_mysticetus,Bowhead whale,Balaena mysticetus,Animalia,Chordata,Mammalia,Artiodactyla,Balaenidae,assets/species_svg/balaena_mysticetus.svg,phylopic,7_whale,18438875-f6e8-4e46-8fda-5a07bd4c1a85,Balaena mysticetus,CC BY-SA 3.0,,ok,Exact species; attribution required. PhyloPic source.svg (UUID 18438875-f6e8-4e46-8fda-5a07bd4c1a85); prior hand-drawn trace retained as ALL_ANIMALS layer '7_whale'.
bos_taurus,Cattle (Belgian Blue),Bos taurus,Animalia,Chordata,Mammalia,Artiodactyla,Bovidae,assets/species_svg/bos_taurus.svg,phylopic,31_cattle,0ebe16cb-4c74-4c77-9643-9e531a0840cc,Bos primigenius,CC BY 4.0,,ok,PhyloPic uses wild aurochs ancestor; silhouette indistinguishable from domestic cattle; attribution required
canis_familiaris,Dog (Whippet),Canis familiaris,Animalia,Chordata,Mammalia,Carnivora,Canidae,assets/species_svg/canis_familiaris.svg,phylopic,30_dog,3c534a59-fd0c-41bb-80c7-1d18db9bae13,Canis familiaris dingo,CC BY 3.0,,ok,PhyloPic uses dingo (C. familiaris dingo); same species; attribution required
chrysomallon_squamiferum,Scaly-foot Snail,Chrysomallon squamiferum,Animalia,Mollusca,Gastropoda,Neomphalida,Peltospiridae,assets/species_svg/chrysomallon_squamiferum.svg,phylopic,,,,CC0,,pending,SVG to be sourced
cladosporium_sphaerospermum,Chernobyl fungus,Cladosporium sphaerospermum,Fungi,Ascomycota,Dothideomycetes,Capnodiales,Cladosporiaceae,assets/species_svg/cladosporium_sphaerospermum.svg,phylopic,4_fungi,a21310f5-2762-495d-b996-bc0bef7203fd,Schizosaccharomyces pombe,CC0,,ok,higher-taxon fallback (Ascomycota); S. pombe is Schizosaccharomycetes (different class from Cladosporium Dothideomycetes) but closest available fungal silhouette; acceptable as icon. PhyloPic source.svg (UUID a21310f5-2762-495d-b996-bc0bef7203fd); prior hand-drawn trace retained as ALL_ANIMALS layer '4_fungi'.
crotalus_atrox,Western diamondback rattlesnake,Crotalus atrox,Animalia,Chordata,Reptilia,Squamata,Viperidae,assets/species_svg/crotalus_atrox.svg,phylopic,15_pit viper,8748e7ab-6dc8-4384-a72b-37361ae8f60b,Crotalus atrox,CC BY 4.0,,ok,Exact species; attribution required. PhyloPic source.svg (UUID 8748e7ab-6dc8-4384-a72b-37361ae8f60b); prior hand-drawn trace retained as ALL_ANIMALS layer '15_pit viper'.
cyclorana_platycephala,Water-holding frog,Cyclorana platycephala,Animalia,Chordata,Amphibia,Anura,Hylidae,assets/species_svg/cyclorana_platycephala.svg,phylopic,27_frog,01a21193-6599-463c-a5f0-75b6fe03189d,Leiopelma archeyi,CC BY 3.0,,ok,Direct PhyloPic SVG download (Auckland Museum & T. Michael Keesey). Cyclorana absent from PhyloPic; L. archeyi (Leiopelmatidae) is a different family within order Anura; order-level match. Replaces previous jigsaw copy and phylopic PNG (Litoria raniformis)
cynops_pyrrhogaster,Japanese Fire-Belly Newt,Cynops pyrrhogaster,Animalia,Chordata,Amphibia,Urodela,Salamandridae,assets/species_svg/cynops_pyrrhogaster.svg,phylopic,,,,CC0,ambystoma_mexicanum,pending,SVG to be sourced; similar to axolotl silhouette
dama_dama,Fallow Deer,Dama dama,Animalia,Chordata,Mammalia,Artiodactyla,Cervidae,assets/species_svg/dama_dama.svg,phylopic,,,,CC0,,pending,SVG to be sourced
danio_rerio,Zebrafish,Danio rerio,Animalia,Chordata,Actinopterygii,Cypriniformes,Danionidae,assets/species_svg/danio_rerio.svg,phylopic,,,,CC0,,pending,SVG to be sourced
deinococcus_radiodurans,Conan the Bacterium,Deinococcus radiodurans,Bacteria,Deinococcota,Deinococci,Deinococcales,Deinococcaceae,assets/species_svg/deinococcus_radiodurans.svg,phylopic,2_Deinococcus,40e8c1ed-c133-4930-9a9d-572d9ba8b0d5,Deinococcus radiodurans,CC BY-SA 3.0,,ok,Exact species; attribution required. PhyloPic source.svg (UUID 40e8c1ed-c133-4930-9a9d-572d9ba8b0d5); prior hand-drawn trace retained as ALL_ANIMALS layer '2_Deinococcus'.
desmodus_rotundus,Common Vampire Bat,Desmodus rotundus,Animalia,Chordata,Mammalia,Chiroptera,Phyllostomidae,assets/species_svg/desmodus_rotundus.svg,phylopic,,,,CC0,pteropus_alecto,pending,SVG to be sourced; similar to flying fox silhouette
diretmus_argenteus,Silver Spinyfin,Diretmus argenteus,Animalia,Chordata,Actinopterygii,Trachichthyiformes,Diretmidae,assets/species_svg/diretmus_argenteus.svg,phylopic,,,,CC0,,pending,SVG to be sourced
dosidicus_gigas,Humboldt Squid,Dosidicus gigas,Animalia,Mollusca,Cephalopoda,Oegopsida,Ommastrephidae,assets/species_svg/dosidicus_gigas.svg,phylopic,,,,CC0,sepia_officinalis,pending,SVG to be sourced; similar to cuttlefish silhouette
drosophila_melanogaster,Fruit fly,Drosophila melanogaster,Animalia,Arthropoda,Insecta,Diptera,Drosophilidae,assets/species_svg/drosophila_melanogaster.svg,phylopic,36_fruit fly,b5160ba3-ad86-4123-92a7-1c55122f4a6c,Sophophora melanogaster,CC0,polypedilum_vanderplanki,ok,PhyloPic title uses obsolete synonym Sophophora (now synonymised into Drosophila); image accurate
electrophorus_electricus,Electric eel,Electrophorus electricus,Animalia,Chordata,Actinopterygii,Gymnotiformes,Electrophoridae,assets/species_svg/electrophorus_electricus.svg,phylopic,21_eel,c931ef9c-ff5a-4b7d-96b5-80a6be323b04,Electrophorus electricus,CC0,,ok,Exact species. PhyloPic source.svg (UUID c931ef9c-ff5a-4b7d-96b5-80a6be323b04); prior hand-drawn trace retained as ALL_ANIMALS layer '21_eel'.
erithacus_rubecula,European robin,Erithacus rubecula,Animalia,Chordata,Aves,Passeriformes,Muscicapidae,assets/species_svg/erithacus_rubecula.svg,phylopic,17_european robin,3c4ef873-76b5-473d-a740-8fcb4864462b,Erithacus rubecula,CC BY 3.0,melopsittacus_undulatus,ok,Exact species; attribution required. PhyloPic source.svg (UUID 3c4ef873-76b5-473d-a740-8fcb4864462b); prior hand-drawn trace retained as ALL_ANIMALS layer '17_european robin'.
euplectella_aspergillum,Venus Flower Basket Sponge,Euplectella aspergillum,Animalia,Porifera,Hexactinellida,Lyssacinosida,Euplectellidae,assets/species_svg/euplectella_aspergillum.svg,phylopic,,,,CC0,,pending,SVG to be sourced
felis_catus,Cat,Felis catus,Animalia,Chordata,Mammalia,Carnivora,Felidae,assets/species_svg/felis_catus.svg,phylopic,18_cat,e9f41f59-d708-47aa-a705-ba9b8826ebc6,Felis lybica catus,CC0,,ok,Exact subspecies (domestic cat). PhyloPic source.svg (UUID e9f41f59-d708-47aa-a705-ba9b8826ebc6); prior hand-drawn trace retained as ALL_ANIMALS layer '18_cat'.
gekko_japonicus,Japanese gecko,Gekko japonicus,Animalia,Chordata,Reptilia,Squamata,Gekkonidae,assets/species_svg/gekko_japonicus.svg,phylopic,23_gecko,9aca34d8-4dde-418d-9fdc-2d58b6a7b267,Gekko gecko,CC0,,ok,Same genus; Tokay gecko body plan identical at silhouette resolution. PhyloPic source.svg (UUID 9aca34d8-4dde-418d-9fdc-2d58b6a7b267); prior hand-drawn trace retained as ALL_ANIMALS layer '23_gecko'.
glaciozyma_antarctica,Antarctic Yeast,Glaciozyma antarctica,Fungi,Basidiomycota,Tremellomycetes,Cystofilobasidiales,Mrakiaceae,assets/species_svg/glaciozyma_antarctica.svg,phylopic,,,,CC0,,pending,SVG to be sourced
herpestes_ichneumon,Egyptian mongoose,Herpestes ichneumon,Animalia,Chordata,Mammalia,Carnivora,Herpestidae,assets/species_svg/herpestes_ichneumon.svg,phylopic,39_mongoose,640e09b5-4e1b-4143-90c4-9ea924c8d270,Herpestes ichneumon,CC0,,ok,Exact species
heterocephalus_glaber,Naked mole-rat,Heterocephalus glaber,Animalia,Chordata,Mammalia,Rodentia,Bathyergidae,assets/species_svg/heterocephalus_glaber.svg,phylopic,3_naked mole rat,7a7d8226-aa19-4f6f-8afa-f039cc860d7e,Heterocephalus glaber,CC0,,ok,Exact species. PhyloPic source.svg (UUID 7a7d8226-aa19-4f6f-8afa-f039cc860d7e); prior hand-drawn trace retained as ALL_ANIMALS layer '3_naked mole rat'.
homarus_americanus,American lobster,Homarus americanus,Animalia,Arthropoda,Malacostraca,Decapoda,Nephropidae,assets/species_svg/homarus_americanus.svg,phylopic,26_lobster,46f3f90b-48ee-4d25-b751-e5070e37532e,Homarus americanus,CC0 / PDM,,ok,Exact species. PhyloPic source.svg (UUID 46f3f90b-48ee-4d25-b751-e5070e37532e); prior hand-drawn trace retained as ALL_ANIMALS layer '26_lobster'.
homo_sapiens,Human,Homo sapiens,Animalia,Chordata,Mammalia,Primates,Hominidae,assets/species_svg/homo_sapiens.svg,phylopic,0_base,f46f28c7-b3da-485e-9af0-9839b63138e0,Homo longi,CC0,,ok,"PhyloPic source.svg (Homo longi, UUID f46f28c7, CC0). H. longi (Ji & Ni 2021) is an archaic Homo species; genus-level match. Shown in gene cards/reports like any other species; the puzzle's outer human silhouette is the separate 0_base layer in ALL_ANIMALS.svg."
hoplostethus_atlanticus,Orange Roughy,Hoplostethus atlanticus,Animalia,Chordata,Actinopterygii,Trachichthyiformes,Trachichthyidae,assets/species_svg/hoplostethus_atlanticus.svg,phylopic,,,,CC0,,pending,SVG to be sourced
leiurus_quinquestriatus,Deathstalker scorpion,Leiurus quinquestriatus,Animalia,Arthropoda,Arachnida,Scorpiones,Buthidae,assets/species_svg/leiurus_quinquestriatus.svg,phylopic,35_scorpion,4133ae32-753e-49eb-bd31-50c67634aca1,Heterometrus laoticus,CC0,,ok,New SVG download from PhyloPic (Margot Michaud CC0). Heterometrus laoticus (Scorpionidae) is different family from Leiurus (Buthidae) but same order Scorpiones; forward-claws + upward-curved tail posture visually matches deathstalker in side view
leptonychotes_weddellii,Weddell seal,Leptonychotes weddellii,Animalia,Chordata,Mammalia,Carnivora,Phocidae,assets/species_svg/leptonychotes_weddellii.svg,phylopic,12_seal,81814d17-9379-4358-ad92-32e92dbf35eb,Leptonychotes weddellii,CC BY 4.0,,ok,Exact species; must credit Gabriela Palomo-Munoz and indicate changes. PhyloPic source.svg (UUID 81814d17-9379-4358-ad92-32e92dbf35eb); prior hand-drawn trace retained as ALL_ANIMALS layer '12_seal'.
leucoraja_erinacea,Little skate,Leucoraja erinacea,Animalia,Chordata,Chondrichthyes,Rajiformes,Rajidae,assets/species_svg/leucoraja_erinacea.svg,phylopic,33_skate,f1c15c22-db53-4753-837e-5bb439c591fa,Leucoraja erinacea,CC0,,ok,Exact species
loxodonta_africana,African elephant,Loxodonta africana,Animalia,Chordata,Mammalia,Proboscidea,Elephantidae,assets/species_svg/loxodonta_africana.svg,phylopic,5_elephant,62398ac0-f0c3-48f8-8455-53512a05fbc4,Loxodonta africana africana,CC0,,ok,Exact subspecies. PhyloPic source.svg (UUID 62398ac0-f0c3-48f8-8455-53512a05fbc4); prior hand-drawn trace retained as ALL_ANIMALS layer '5_elephant'.
malapterurus_electricus,Electric Catfish,Malapterurus electricus,Animalia,Chordata,Actinopterygii,Siluriformes,Malapteruridae,assets/species_svg/malapterurus_electricus.svg,phylopic,,,,CC0,,pending,SVG to be sourced
melopsittacus_undulatus,Budgerigar,Melopsittacus undulatus,Animalia,Chordata,Aves,Psittaciformes,Psittaculidae,assets/species_svg/melopsittacus_undulatus.svg,phylopic,32_budgerigar,93400ea7-5b4c-4d5f-92ae-2345f228df08,Melopsittacus undulatus,CC0,erithacus_rubecula,ok,Exact species; monotypic genus
mus_musculus,Mouse,Mus musculus,Animalia,Chordata,Mammalia,Rodentia,Muridae,assets/species_svg/mus_musculus.svg,phylopic,25_mouse,6b2b98f6-f879-445f-9ac2-2c2563157025,Mus musculus domesticus,CC0 / PDM,acomys_cahirinus,ok,Exact subspecies (domestic house mouse). PhyloPic source.svg (UUID 6b2b98f6-f879-445f-9ac2-2c2563157025); prior hand-drawn trace retained as ALL_ANIMALS layer '25_mouse'.
myroides_profundi,Deep-sea Bacterium,Myroides profundi,Bacteria,Bacteroidota,Flavobacteriia,Flavobacteriales,Flavobacteriaceae,assets/species_svg/myroides_profundi.svg,phylopic,,,,CC0,deinococcus_radiodurans,pending,SVG to be sourced; similar to Deinococcus silhouette
photinus_pyralis,Firefly,Photinus pyralis,Animalia,Arthropoda,Insecta,Coleoptera,Lampyridae,assets/species_svg/photinus_pyralis.svg,phylopic,20_firefly,ae83a86e-79a8-46b5-ba0e-9d4b25bd707e,Photinus pyralis,CC BY 3.0,,ok,Exact species; attribution required. PhyloPic source.svg (UUID ae83a86e-79a8-46b5-ba0e-9d4b25bd707e); prior hand-drawn trace retained as ALL_ANIMALS layer '20_firefly'.
pinctada_fucata,Akoya pearl oyster,Pinctada fucata,Animalia,Mollusca,Bivalvia,Ostreida,Pteriidae,assets/species_svg/pinctada_fucata.svg,phylopic,37_oyster,a2a342d0-e77e-4abc-8913-72b15eb9d906,Pinctada fucata,CC BY-SA 3.0,,ok,New SVG download from PhyloPic; exact species. Previously stored as PNG only. Must credit Taro Maeda; share-alike
polypedilum_vanderplanki,Sleeping chironomid,Polypedilum vanderplanki,Animalia,Arthropoda,Insecta,Diptera,Chironomidae,assets/species_svg/polypedilum_vanderplanki.svg,phylopic,24_chironomid,af2b4c88-b61d-4343-898a-69741d883a54,Chironomidae,PDM 1.0,drosophila_melanogaster,ok,New SVG download (Melissa Ingala PDM 1.0). P. vanderplanki absent from PhyloPic; family Chironomidae is closest match. Replaces previous CC BY-NC 3.0 PNG — PDM removes the non-commercial restriction
potorous_tridactylus,Long-nosed potoroo,Potorous tridactylus,Animalia,Chordata,Mammalia,Diprotodontia,Potoroidae,assets/species_svg/potorous_tridactylus.svg,phylopic,38_potoroo,6354f106-3d0f-4525-b958-75bd740a19ee,Potorous tridactylus,CC0,,ok,Exact species
pseudopleuronectes_americanus,Winter flounder,Pseudopleuronectes americanus,Animalia,Chordata,Actinopterygii,Pleuronectiformes,Pleuronectidae,assets/species_svg/pseudopleuronectes_americanus.svg,phylopic,13_fish,83fae06d-c93d-41d6-9080-82734bc59163,Pseudopleuronectes americanus,CC0,,ok,Exact species. PhyloPic source.svg (UUID 83fae06d-c93d-41d6-9080-82734bc59163); prior hand-drawn trace retained as ALL_ANIMALS layer '13_fish'.
pteropus_alecto,Black flying fox,Pteropus alecto,Animalia,Chordata,Mammalia,Chiroptera,Pteropodidae,assets/species_svg/pteropus_alecto.svg,phylopic,11_bat,e4ab0438-794b-4030-8e2a-7b5c1f23bf03,Pteropus poliocephalus,CC0,,ok,Same genus; grey-headed flying fox; wing morphology equivalent at silhouette resolution. PhyloPic source.svg (UUID e4ab0438-794b-4030-8e2a-7b5c1f23bf03); prior hand-drawn trace retained as ALL_ANIMALS layer '11_bat'.
ramazzottius_varieornatus,Tardigrade,Ramazzottius varieornatus,Animalia,Tardigrada,Eutardigrada,Parachela,Ramazzottiidae,assets/species_svg/ramazzottius_varieornatus.svg,phylopic,1_tardigrade,1a7ba4da-a5f9-489b-b30e-8cf56d579d8f,Tardigrada,CC BY-NC-SA 3.0,,ok,Phylum-level fallback; no species silhouette in PhyloPic; NC-SA license: non-commercial only; must credit Mali'o Kodis / Smithsonian Institution; derivative works must carry same license. PhyloPic source.svg (UUID 1a7ba4da-a5f9-489b-b30e-8cf56d579d8f); prior hand-drawn trace retained as ALL_ANIMALS layer '1_tardigrade'.
schmidtea_mediterranea,Planarian,Schmidtea mediterranea,Animalia,Platyhelminthes,Rhabditophora,Tricladida,Dugesiidae,assets/species_svg/schmidtea_mediterranea.svg,phylopic,9_planarian,fb16134d-47c9-42f0-bafe-f63bccf2d58b,Schmidtea mediterranea,CC0,,ok,Exact species. PhyloPic source.svg (UUID fb16134d-47c9-42f0-bafe-f63bccf2d58b); prior hand-drawn trace retained as ALL_ANIMALS layer '9_planarian'.
sepia_officinalis,Common cuttlefish,Sepia officinalis,Animalia,Mollusca,Cephalopoda,Sepiida,Sepiidae,assets/species_svg/sepia_officinalis.svg,phylopic,19_cuttlefish,6cbff80e-9537-4130-8397-ebbf77464ea4,Sepia officinalis,CC BY 3.0,,ok,Exact species; attribution required. PhyloPic source.svg (UUID 6cbff80e-9537-4130-8397-ebbf77464ea4); prior hand-drawn trace retained as ALL_ANIMALS layer '19_cuttlefish'.
somniosus_microcephalus,Greenland shark,Somniosus microcephalus,Animalia,Chordata,Chondrichthyes,Squaliformes,Somniosidae,assets/species_svg/somniosus_microcephalus.svg,phylopic,6_shark,081252c0-f3f3-4d9f-84bb-b9f00fcb1f5b,Centroscymnus,CC0,,ok,Family-level fallback; Centroscymnus (Portuguese dogfish) is same family Somniosidae as Somniosus; sleeper shark body plan close. PhyloPic source.svg (UUID 081252c0-f3f3-4d9f-84bb-b9f00fcb1f5b); prior hand-drawn trace retained as ALL_ANIMALS layer '6_shark'.
trichonephila_clavipes,Golden silk orbweaver,Trichonephila clavipes,Animalia,Arthropoda,Arachnida,Araneae,Araneidae,assets/species_svg/trichonephila_clavipes.svg,phylopic,34_spider,f152b5fb-1e9f-4d4b-864c-704a95827129,Trichonephila clavata,CC BY 4.0,,ok,Congeneric orb-weaver (T. clavata); morphologically equivalent at silhouette resolution; attribution required
turritopsis_dohrnii,Immortal jellyfish,Turritopsis dohrnii,Animalia,Cnidaria,Hydrozoa,Anthoathecatae,Oceanidae,assets/species_svg/turritopsis_dohrnii.svg,phylopic,8_jellyfish,e4d57d67-c144-457a-877b-34faaaa16ed2,Clytia hemisphaerica,CC BY-SA 3.0,aequorea_victoria,ok,T. dohrnii (Anthoathecatae) and C. hemisphaerica (Leptothecata) are in different orders within class Hydrozoa; class-level match. All small Hydrozoa medusae share bell-and-tentacle body plan. Supersedes previous byte-identical Narcomedusae PNG (ae1697f9). PhyloPic vector.svg (UUID e4d57d67-c144-457a-877b-34faaaa16ed2); prior hand-drawn trace retained as ALL_ANIMALS layer '8_jellyfish'.
tursiops_truncatus,Bottlenose dolphin,Tursiops truncatus,Animalia,Chordata,Mammalia,Artiodactyla,Delphinidae,assets/species_svg/tursiops_truncatus.svg,phylopic,14_dolphin,0b5c6b41-3a44-4c9e-869a-63ed54bf7c65,Tursiops truncatus,CC BY-SA 3.0,,ok,Exact species; attribution required. PhyloPic source.svg (UUID 0b5c6b41-3a44-4c9e-869a-63ed54bf7c65); prior hand-drawn trace retained as ALL_ANIMALS layer '14_dolphin'.
urocitellus_parryii,Arctic ground squirrel,Urocitellus parryii,Animalia,Chordata,Mammalia,Rodentia,Sciuridae,assets/species_svg/urocitellus_parryii.svg,phylopic,40_ground squirrel,f4ca8082-0db0-4130-88eb-04a74e18312d,Urocitellus beldingi,CC0,,ok,Same genus; Belding's ground squirrel; same stout ground-squirrel body plan at silhouette resolution
